id,user_name,full_name,email,last_updated
1,jessica76,Kristin Whitney,qbecker@yahoo.com,1988-10-27
2,gturner,Gina Ortiz,dsmith@blair.com,1991-02-08
3,michael18,Charles Mata,bryan17@yahoo.com,1996-02-24
4,monicacollins,Marissa Green,lawsondevon@lee.net,1979-07-25
5,meyerslindsey,Jose Hutchinson,blackdonna@haynes.com,1994-08-24
6,christinazhang,Carolyn Robinson,ralvarado@gmail.com,2015-08-15
7,abuckley,Tonya Gomez,jonathan13@hotmail.com,2013-05-22
8,jaredorozco,Calvin Vargas,ddiaz@hotmail.com,2002-08-25
9,bwalker,Christopher Scott,parkerdorothy@hotmail.com,2003-06-03
10,karlamitchell,Sarah Smith,robert26@bruce-frye.com,1971-02-19
